timestamp_s,encoder_counts,micrometer_mm,actual_cps,duty_out
4.544300009001745e-05,0,1.9998,0.0,0.05
0.050109253999835346,13,1.9998,259.630193137663,0.0
0.10016641599941067,19,1.9998,119.88509732737487,0.0
0.15022228299949347,19,1.9998,0.0,0.04204847095349621
0.20027802000004158,20,1.9998,19.978165862419875,0.04205938802228628
0.2503386819998923,26,1.9998,119.8355712171881,0.00013286875866017414
0.3003949929998271,29,1.9998,59.94132822951125,0.028096433130779794
0.35045076699952915,30,2.0023,19.977752375307578,0.052084088234930506
0.4005086699999083,42,2.0008,239.68948706320154,0.0
0.4505686289994628,46,2.0007,79.90536328303172,0.016153558837217516
0.5006248099998629,46,2.0007,0.0,0.05811570415043021
0.5506806949997554,61,2.0007,299.66295708679763,0.0
0.6007362279997324,64,2.0007,59.935629134540164,0.018181593874480356
0.6507959279997522,64,2.0007,0.0,0.05215584552829642
0.7008518689999619,76,2.0007,239.7628313998112,0.0
0.7509164379998765,80,2.0007,79.89362962132024,0.00823274757765518
0.8009551759996612,80,2.0007,0.0,0.050190199426183274
0.8509812089996558,95,1.9949000000000001,299.80203471881293,0.0
0.9010181869998632,98,1.9947000000000001,59.962739153971526,0.010228626377316218
0.9510741459998826,98,1.9947000000000001,0.0,0.04421372203890483
1.00112953200005,108,1.9947000000000001,199.7778909352402,0.0
1.0511873059995196,110,1.9947000000000001,39.94876570865527,0.02426155009105317
1.1012435239999832,113,1.9947000000000001,59.94061802828125,0.020270747360374652
1.1512990940000236,115,1.9947000000000001,39.9544694842657,0.03426975982955431
1.201354480000191,117,1.9947000000000001,39.95710125730474,0.040272996994608214
1.2514123459995972,128,1.9947000000000001,219.71243597048547,0.0
1.301468971999384,129,1.9928000000000001,19.9798515185694,0.044294668141196855
1.3515243570000166,139,1.9897,199.78143910503528,0.0
1.401581704999444,141,1.9898,39.949371362398445,0.03233377915692187
1.4516393679996327,147,1.9898,119.8614138372124,0.0
1.5016949760001808,149,1.9898,39.96051581299662,0.036347128411661704
1.5517501759995866,151,1.9898,39.9564203314069,0.0423531245711569
1.601805301999775,162,1.9898,219.75771272973026,0.0
1.6518630390000908,165,1.9898,59.9234813094482,0.02639818077602253
1.7019187019996025,167,1.9898,39.95946591699885,0.04038784034130238
1.7519751609997911,176,1.9898,179.78121345554223,0.0
1.8020318049993875,179,1.989,59.93704811828794,0.028424981303403735
1.852089689999957,180,1.9885000000000002,19.97464857558879,0.052412476262924515
1.9021455009997226,195,1.9885000000000002,299.70054520494665,0.0
1.952201256999615,198,1.9885000000000002,59.933300230530584,0.020465631057400076
2.002257364999423,201,1.9885000000000002,59.93327867767442,0.024472311810775096
2.0523153610001827,203,1.9885000000000002,39.94908967924735,0.038471078442221196
2.102371709000181,206,1.9885000000000002,59.938689913396686,0.03448136935722179
2.1524275390002003,215,1.9885000000000002,179.79185137744864,0.0
2.202483313999437,215,1.9885000000000002,0.0,0.0604776601848356
2.252541679999922,236,1.9888000000000001,419.4468251384309,0.0
2.302598047000174,240,1.9878,79.92017413167781,0.0
2.352655154999411,240,1.9877,0.0,0.04054096025782473
2.4027130399999805,251,1.9877,219.74486741839567,0.0
2.452771350999683,253,1.9877,39.95279976210867,0.01859007363493083
2.5028274959995542,253,1.9877,0.0,0.04457119353977429
2.552883343999383,264,1.9877,219.754701015614,0.0
2.6029390449994025,267,1.9877,59.93352293412144,0.012628961971152174
2.6529972819998875,267,1.9877,0.0,0.04660237114480075
2.7030533709994415,276,1.9877,179.82058940436303,0.0
2.7531105159996514,279,1.9854,59.931149895517,0.018654737256605946
2.803166345000136,279,1.9843000000000002,0.0,0.052627197214812745
2.8532247309995,294,1.9843000000000002,299.61008742905557,0.0
2.9032808199999636,296,1.9843000000000002,39.95894857419624,0.022686714184809068
2.9533376869994754,299,1.9843000000000002,59.93445328410704,0.018703066972434044
3.0033937950001928,300,1.9843000000000002,19.977271458809515,0.0426882125566721
3.0534515689996624,310,1.9843000000000002,199.74567182429107,0.0
3.103507843999978,312,1.9843000000000002,39.9597022391214,0.030724702838206105
3.153566302999934,315,1.9843000000000002,59.92423419512742,0.026746466636290954
3.203622854999594,316,1.9857,19.979126607399195,0.050726597010642326
3.253681129999677,334,1.9861000000000002,359.5344963065616,0.0
3.3037372009994215,338,1.9861000000000002,79.92153303974477,0.0028040315030734503
3.353794437999568,338,1.9861000000000002,0.0,0.04477264471897136
3.403855138999461,347,1.9861000000000002,179.7508258110054,0.0
3.453913282999565,350,1.9861000000000002,59.93099425429342,0.01683206501072411
3.5039697619995422,350,1.9861000000000002,0.0,0.050804462712441475
3.5540274619997945,366,1.9861000000000002,319.5765227593814,0.0
3.6040841249996447,369,1.9861000000000002,59.94188274869788,0.008875869062154394
3.654142769999453,369,1.9861000000000002,0.0,0.04285262216163355
3.70419937799943,379,1.9887000000000001,199.8036130278356,0.0
3.75425530099983,382,1.9888000000000001,59.9337659968534,0.012905377860423282
3.804312964000019,382,1.9888000000000001,0.0,0.046878884259164644
3.8543724049995944,391,1.9888000000000001,179.77549277026304,0.0
3.90443110599972,394,1.9888000000000001,59.92808988774562,0.01893729003826553
3.954487527999845,394,1.9888000000000001,0.0,0.05290852599336378
4.00454259900016,410,1.9888000000000001,319.6480547054536,0.0
4.05460144799963,413,1.9888000000000001,59.92161653321092,0.010982912256212956
4.104658297000242,414,1.9888000000000001,19.979592444736756,0.034961762647128955
4.154716904999987,418,1.9851,79.89070312568548,0.01300824806218091
4.204774142999668,419,1.9852,19.981004458868114,0.04497402708302105
4.254832194999835,430,1.9852,219.71698694216178,0.0
4.304888914000003,432,1.9852,39.95999764497927,0.031014731349862476
4.354944836999493,438,1.9852,119.8690382798069,0.0
4.405003371000021,438,1.9852,0.0,0.055011826579873496
4.455061830999512,454,1.9852,319.6221554674286,0.0
4.505121569000039,458,1.9852,79.89921353504431,0.0031000042656084727
4.555178157999762,458,1.9852,0.0,0.045059689679626196
4.605237154999486,467,1.9852,179.77056960756272,0.0
4.655296115000056,469,1.9737,39.9511732743255,0.027107046081707175
4.705353538000054,470,1.9732,19.9800654890106,0.04309748264693208
4.755409368000073,480,1.9732,199.77692908091097,0.0
4.805465290999564,482,1.9732,39.95576976190595,0.031133931053492245
4.855522935999943,486,1.9732,79.89658346151701,0.017167947227496115
4.9055796550001105,488,1.9732,39.958341829887885,0.03914740969715898
4.955635503999474,493,1.9732,99.88883371755097,0.01518632957033865
5.005691446000128,494,1.9732,19.977493355909875,0.05515311637940411
5.055749201999788,513,1.9732,379.5298232740645,0.0
5.105806310999469,515,1.9492,39.9564203314069,0.02521292122865815
5.155862529999467,515,1.9545000000000001,0.0,0.05119548936122091
5.205918286000269,532,1.9549,339.6325854736458,0.0
5.255976227999781,535,1.9549,59.92540724951565,0.0072695271890985055
5.306032521999441,535,1.9549,0.0,0.04123969008890477
5.356088204000116,546,1.9549,219.7552673480436,0.0
5.40614597900003,548,1.9549,39.95093705307268,0.019288694827564068
5.456204420999711,548,1.9549,0.0,0.04526906964879314
5.50626134399954,558,1.9549,199.7832830839061,0.0
5.556317507000131,559,1.9549,19.978054905783605,0.03530171388751072
5.606373894000171,563,1.9468,79.90917523231253,0.013338348233667901
5.6564321500000005,564,1.9459000000000002,19.97512098660036,0.04531445783329274
5.7064889429993855,577,1.9459000000000002,259.7297044903736,0.0
5.756545125999764,580,1.9459000000000002,59.932700372809364,0.01736518559249084
5.806601141999636,580,1.9459000000000002,0.0,0.05133826574161458
5.856659324000248,596,1.9459000000000002,319.594721936363,0.0
5.906716079999569,600,1.9459000000000002,79.91464476588375,0.0
5.956772169999567,600,1.9459000000000002,0.0,0.04138732907138991
6.006828759999735,610,1.9459000000000002,199.77278642380878,0.0
6.056887738999649,612,1.9143000000000001,39.943755996377725,0.021438172430820166
6.106947217999732,613,1.9081000000000001,19.980575284143832,0.03742538718729933
6.157003475000238,616,1.9079000000000002,59.93338883349195,0.0254509228842109
6.207058953999876,622,1.9079000000000002,119.87209647119407,0.0
6.257117006999579,623,1.9079000000000002,19.97393162257226,0.04745010295920214
6.307172929999979,631,1.9079000000000002,159.84164488323376,0.0
6.357228556999871,635,1.9079000000000002,79.9111547769388,0.019499933731438268
6.407285776999743,635,1.9079000000000002,0.0,0.06146439564221379
6.457343791999847,653,1.9079000000000002,359.5847587102184,0.0
6.507399086000078,662,1.9079000000000002,179.82012233645048,0.0
6.557455360999484,662,1.9329,0.0,0.0375239075375469
6.607511637000243,669,1.9389,139.84793494939981,0.0
6.657569541000157,669,1.9389,0.0,0.043539114042606915
6.707625965000261,677,1.9389,159.83614557461215,0.0
6.757683017999625,682,1.9389,99.87763790837477,0.0
6.807738959999369,682,1.9389,0.0,0.04756773569430822
6.857796678999875,691,1.9389,179.7693056450745,0.0
6.907852991999789,694,1.9389,59.938843199509535,0.019621383530046006
6.95790841500002,694,1.9389,0.0,0.05359692080984982
7.0079642089995104,711,1.9625000000000001,339.61738026892095,0.0
7.058021910000207,717,1.9681000000000002,119.84921769865795,0.0
7.108078092999676,717,1.9683000000000002,0.0,0.03765026101309193
7.158134979999886,725,1.9683000000000002,159.7998443045052,0.0
7.208191587999863,725,1.9683000000000002,0.0,0.041670276582641406
7.258249122999587,734,1.9683000000000002,179.76963600030837,0.0
7.308305286999712,737,1.9683000000000002,59.94059527309388,0.013723015346063632
7.358362432999456,737,1.9683000000000002,0.0,0.04769925345530118
7.408420171999751,747,1.9683000000000002,199.7672431931734,0.0
7.4584778540001935,750,1.9683000000000002,59.929707248561684,0.017757675511703
7.508534536999832,750,1.9782000000000002,0.0,0.051729558411127675
7.558590683000148,768,1.9782000000000002,359.59687033301367,0.0
7.608646681000209,773,1.9782000000000002,99.88968183517372,0.0
7.658704327000123,773,1.9782000000000002,0.0,0.03578090319430893
7.708761768999466,780,1.9782000000000002,139.8434340860596,0.0
7.758817674000056,781,1.9782000000000002,19.979710204769884,0.031806704683318025
7.808873967999716,784,1.9782000000000002,59.92848853381242,0.019834344498319778
7.858931668999503,786,1.9782000000000002,39.95228099500602,0.033829599414341736
7.908989425999607,792,1.9782000000000002,119.87289637108275,0.0
7.95904577500005,793,1.9697,19.97753725729452,0.04783445354658861
8.009102680999604,805,1.9700000000000002,239.7290294832,0.0
8.059160326999518,808,1.9700000000000002,59.92358903429961,0.021890770984036613
8.109217546999389,812,1.9700000000000002,79.91612004044289,0.01590214657753501
8.159274210999683,813,1.9700000000000002,19.97676143300308,0.04788021387721063
8.209331486999872,822,1.9700000000000002,179.80195893089441,0.0
8.259389632999955,826,1.9700000000000002,79.89802934006187,0.017941707887291485
8.309447556999658,826,1.9700000000000002,0.0,0.05990091962331623
8.359503628999846,839,1.9700000000000002,259.7060594892958,0.0
8.4095633299994,846,1.9700000000000002,139.81064046914113,0.0
8.459621365000203,846,1.9716,0.0,0.04994924962747253
8.509678159000032,854,1.9716,159.83850876018803,0.0
8.55973643499965,859,1.9716,99.86688543242232,0.004031956035242569
8.609793024999817,859,1.9716,0.0,0.0539787102082115
8.659851300999435,873,1.9716,279.6429965649884,0.0
8.709906817999581,880,1.9716,139.86211274023972,0.0
8.759962537999854,880,1.9716,0.0,0.04202819927768869
8.81001990599998,889,1.9716,179.77302935731322,0.0
8.860078163000253,892,1.9716,59.923344858816066,0.014089223912549331
8.910138493999511,892,1.9769,0.0,0.04805856185607576
8.960195750999446,901,1.9767000000000001,179.8293024300899,0.0
9.010251971999423,904,1.9767000000000001,59.93380910110423,0.020108727062514653
9.060309913999845,906,1.9767000000000001,39.948349979699735,0.03410807571310648
9.110366615999737,913,1.9767000000000001,139.85709122799466,0.0
9.160424484000032,914,1.9767000000000001,19.97512816862524,0.04611414249787429
9.210481056999924,926,1.9767000000000001,239.74836012132866,0.0
9.260539720999986,929,1.9767000000000001,59.92163807768015,0.02016853871435144
9.310596237999562,933,1.9767000000000001,79.92164960894469,0.014176369140951155
9.36065242099994,934,1.9767000000000001,19.977766344584754,0.046156145812236656
9.410711085999537,943,1.9762000000000002,179.76345286711117,0.0
9.460769862000234,947,1.9761000000000002,79.90695474271305,0.01621742969200291
9.510826192999957,947,1.9761000000000002,0.0,0.058180211589088135
9.560882042999765,961,1.9761000000000002,279.68810860069215,0.0
9.610939133999636,966,1.9761000000000002,99.87379348208805,0.00027450398797489227
9.66099918799955,966,1.9761000000000002,0.0,0.05022402138081011
9.711055390000183,982,1.9761000000000002,319.6798534171232,0.0
9.761112090999632,987,1.9761000000000002,99.88820312530169,0.0
9.811167885999566,987,1.9761000000000002,0.0,0.03826721572656762
9.861225920999459,991,1.9713,79.89530997969125,0.008319560736721998
9.911282215000028,993,1.9732,39.960041556965024,0.030297663950115985
9.961337620999984,1001,1.9733,159.82484795042188,0.0
10.011392766999961,1001,1.9733,0.0,0.05029919577785981
10.0614505249996,1017,1.9733,319.5897490316442,0.0
10.111506596999789,1022,1.9733,99.89899412434947,0.0
10.16156305899949,1022,1.9733,0.0,0.03835032146226044
10.2116187419997,1025,1.9733,59.93527230297116,0.018382685310774857
10.261676426000122,1027,1.9733,39.9483052951179,0.03238264158440437
10.311732608999591,1035,1.9733,159.84152352228537,0.0
10.361788070999864,1036,2.0013,19.977936367034744,0.042388843166705624
10.411845476999588,1047,1.9994,219.72323661163293,0.0
10.46200117599983,1050,1.9994,59.8126357223601,0.018501376191176176
10.512059488999512,1050,1.9994,0.0,0.05242643048012022
10.562115283999447,1068,1.9994,359.65141865066545,0.0
10.612170448999677,1072,1.9994,79.91106378118536,0.0
10.662228207000226,1072,1.9994,0.0,0.03847018223693513
10.712284297999759,1079,1.9994,139.86252632628148,0.0
10.762339758999588,1080,1.9994,19.977854548149608,0.034495002330232186
10.812396034999438,1085,1.9891,99.8862814675458,0.0025430034157191226
10.862454829999479,1087,1.9883000000000002,39.94814331516317,0.03252344434515586
10.912511049999921,1091,1.9883000000000002,79.92005117672984,0.01854267608285621
10.962566549000258,1092,1.9883000000000002,19.978017787654576,0.05052168765972086
11.012622287999875,1111,1.9883000000000002,379.57684772968304,0.0
11.062680915999408,1115,1.9883000000000002,79.89362642985809,0.000608396786885337
11.112737118000041,1115,1.9883000000000002,0.0,0.042565847358828575
11.16279295000004,1126,1.9883000000000002,219.74306761794887,0.0
11.212847744999635,1130,1.9883000000000002,79.91748040515189,0.0006328003944577401
11.262905669999782,1130,1.9883000000000002,0.0,0.042599792556518495
11.312962891000097,1141,1.9836,219.7750207066275,0.0
11.363018537000244,1145,1.9838,79.91266025669651,0.0006659603575074917
11.413078090999988,1145,1.9838,0.0,0.042631024460186094
11.463136700999712,1156,1.9838,219.73787029716834,0.0
11.513193513999795,1158,1.9838,39.960070299896465,0.02067720228052103
11.563248345999455,1161,1.9838,59.93520524757811,0.016693627776690558
11.613304882000193,1163,1.9838,39.95457085410234,0.030690424448670633
11.663362954999684,1167,1.9838,79.89610789549968,0.01672419884256173
11.713420100999429,1168,1.9838,19.979732160128446,0.04869277592069738
11.76347776700004,1180,1.9839,239.6984353973159,0.0
11.813535172999764,1183,1.985,59.93740017997427,0.022746125155030036
11.863592966999931,1187,1.985,79.89773250103063,0.016772218976504424
11.913649465999697,1187,1.985,0.0,0.05873131197691668
11.963704965000034,1204,1.985,339.6254135496967,0.0
12.013761297000201,1208,1.985,79.91050183534601,0.004813519704274001
12.06381883299946,1208,1.985,0.0,0.046777720438412405
12.113875387000007,1219,1.985,219.7731501540493,0.0
12.163931645000048,1221,1.985,39.95384691376093,0.024823481966127013
12.213986865999686,1221,1.985,0.0,0.05080502073163139
12.264045345999875,1237,1.9844000000000002,319.5786355681961,0.0
12.314101678000043,1242,1.9852,99.90095220142835,0.0
12.364159048000147,1242,1.9852,0.0,0.03885706195466894
12.414217601999553,1245,1.9852,59.929950278167546,0.018892086815585168
12.464275618999636,1247,1.9852,39.95201363613537,0.0328880601087845
12.514331450999634,1256,1.9852,179.826172827623,0.0
12.564387616999738,1256,1.9852,0.0,0.050886248280476346
12.614444041999377,1273,1.9852,339.61046001117467,0.0
12.664502873999481,1277,1.9852,79.89598980279264,0.0
12.714559168999585,1277,1.9894,0.0,0.038935603299079614
12.764615315999436,1280,1.9892,59.934583799016956,0.01896831139957114
12.814671295999688,1281,1.9892,19.977425908365717,0.04295343196499507
12.86472946199956,1294,1.9892,259.66724681144314,0.0
12.914785664000192,1297,1.9892,59.93963958389562,0.015007857855249229
12.964841477999471,1297,1.9892,0.0,0.04898371368880748
13.01489718099947,1307,1.9892,199.77743994258836,0.0
13.064956254000208,1310,1.9892,59.92159259613945,0.019045173396478918
13.115012752999974,1310,1.9892,0.0,0.053013810434934694
13.165069269999549,1327,1.9892,339.6107110356018,0.0
13.215125453999462,1331,1.9974,79.91100471268015,0.0
13.265183378999609,1331,1.9987000000000001,0.0,0.0410616388601065
13.315239785999438,1341,1.9987000000000001,199.7982796582811,0.0
13.365295802999754,1344,1.9987000000000001,59.93354209249219,0.01111503984803229
13.41535491400009,1344,1.9987000000000001,0.0,0.045088456685029164
13.465413856999476,1355,1.9987000000000001,219.74664530518572,0.0
13.515473671000109,1356,1.9987000000000001,19.97585159239229,0.033125866358314444
13.565530707000107,1361,1.9987000000000001,99.90158095770593,0.0011654165164183966
13.61558716899981,1363,1.9987000000000001,39.95276783794762,0.031149664980526962
13.665645631000189,1367,1.9903000000000002,79.90080634505797,0.017180368943177024
13.7157021109997,1367,1.9892,0.0,0.059140691481200214
13.765757961999952,1388,1.9892,419.5445759711986,0.0
13.8158154799994,1390,1.9892,39.949723273244494,0.017211372247458105
13.865878292999696,1390,1.9892,0.0,0.0431912615567559
13.915935273999821,1403,1.9892,259.7522794473598,0.0
13.965991588000179,1406,1.9892,59.93442813886818,0.007248819542585834
14.016047568999966,1406,1.9892,0.0,0.041222590798133105
14.066106141999626,1418,1.9892,239.68645655801166,0.0
14.116162049000195,1420,1.9892,39.9600407589341,0.017273924762864892
14.166218769999432,1420,1.9693,0.0,0.04325794106643853
14.216274620999684,1433,1.9696,259.7218119673225,0.0
14.266332971999873,1434,1.9696,19.97384225588623,0.02729883874176317
14.316389359999448,1437,1.9696,59.940304253078764,0.015318223517578276
14.366445599999679,1439,1.9696,39.955768165459354,0.029316461136080104
14.416502099999889,1441,1.9696,39.949914791235535,0.03532381100664608
14.466560580000078,1444,1.9696,59.93014901513279,0.0313387024155739
14.516616986999907,1454,1.9696,199.79791240116592,0.0
14.566672838000159,1454,1.9696,0.0,0.055330970781510426
14.61673292999967,1471,1.9765000000000001,339.5512965472596,0.0
14.666791521999585,1474,1.9795,59.928641767752,0.011411520242908462
14.716847947000133,1474,1.9795,0.0,0.045382976950009264
14.766904131999581,1485,1.9795,219.75737467366977,0.0
14.816960926999855,1487,1.9795,39.9552804515539,0.023429599256865337
14.867019166999853,1487,1.9795,0.0,0.0494117114374869
14.917075684999872,1497,1.9795,199.79894232561537,0.0
14.967131573000188,1500,1.9795,59.933496592879,0.019465068908485855
15.017187757999636,1500,1.9795,0.0,0.053438467545637455
15.067244867999761,1515,1.9795,299.6176040433028,0.0
15.11730188599995,1522,1.9951,139.85553482763834,0.0
15.167359514999589,1522,1.9959,0.0,0.039491153658543346
15.217416163000053,1529,1.9959,139.85543423415567,0.0
15.267474606999713,1531,1.9959,39.94780180527676,0.0255317093324894
15.317531681000219,1531,1.9959,0.0,0.0515108300546001
15.36758671699954,1546,1.9959,299.6732482755009,0.0
15.417644475999623,1553,1.9959,139.8222719109454,0.0
15.467702900999939,1553,1.9959,0.0,0.03756127803595547
15.517759567000212,1554,1.9959,19.97988704710899,0.03757133451240098
15.567815530000189,1564,2.0015,199.7778071208148,0.0
15.617871473999912,1565,2.001,19.977676943944125,0.035596670147191034
15.667929694999657,1568,2.001,59.92190258541625,0.02362678963206056
15.717986251000184,1573,2.001,99.90013782507751,0.007645481753688302
15.768042619999505,1574,2.001,19.9773959758667,0.04761683889578596
15.81809865699961,1582,2.001,159.823130136837,0.0
15.868156841999735,1587,2.001,99.86965412150994,0.009690657211693968
15.91821382299986,1587,2.001,0.0,0.059638518860297945
15.968269654999858,1600,2.001,259.71123746692535,0.0
16.018325562999962,1607,2.001,139.84498183704724,0.0
16.06838441399941,1607,2.0037000000000003,0.0,0.04968289692990068
16.118441951000023,1614,2.0041,139.86122689387264,0.0
16.168498062000253,1620,2.0041,119.86211541605188,0.0
16.218554283999765,1620,2.0041,0.0,0.05371056269890823
16.268612042999848,1633,2.0041,259.6574443167186,0.0
16.318669061000037,1639,2.0041,119.87803608675034,0.0
16.368725301000268,1639,2.0041,0.0,0.045757014658561336
16.41878365299999,1647,2.0041,159.79978046232713,0.0
16.46884574500018,1652,2.0041,99.8553216219038,0.0
16.51890246699986,1652,2.0037000000000003,0.0,0.04979150445013824
16.568959819000156,1661,2.0039000000000002,179.79915715026397,0.0
16.619015706999562,1665,2.0039000000000002,79.91141819259843,0.011855879638812626
16.669075558999793,1665,2.0039000000000002,0.0,0.053820446915852
16.719131965999622,1677,2.0039000000000002,239.76414401246024,0.0
16.769190742999854,1684,2.0039000000000002,139.82232218254885,0.0
16.81924759499998,1684,2.0039000000000002,0.0,0.04586180029635109
16.869311093999386,1692,2.0039000000000002,159.77720347193517,0.0
16.91936933499983,1697,2.0039000000000002,99.89706805965122,0.0
16.969424611999784,1697,2.0039000000000002,0.0,0.04989437314319245
17.019479871999465,1706,1.9984000000000002,179.80088849487052,0.0
17.069543167999655,1710,1.9987000000000001,79.88800819730183,0.011970280195054486
17.11960114900012,1710,1.9987000000000001,0.0,0.053925483473975216
17.169657907999863,1726,1.9987000000000001,319.6352578159638,0.0
17.219713426999988,1731,1.9987000000000001,99.89215443219372,0.0
17.269773055999394,1731,1.9987000000000001,0.0,0.04197274224915946
17.31982962999973,1740,1.9987000000000001,179.81804931053506,0.0
17.369889611999497,1743,1.9987000000000001,59.92356509565218,0.014029154770279864
17.419952092999665,1743,1.9987000000000001,0.0,0.04799858080854073
17.470014278000235,1755,1.9976,239.69266127485017,0.0
17.520072407999578,1759,1.9973,79.91945876815083,0.004069585296980301
17.570128370999555,1759,1.9973,0.0,0.046037368804240635
17.620184073999553,1768,1.9973,179.7996887644212,0.0
17.670246517999658,1772,1.9973,79.88907402008132,0.008112862917757853
17.720304999999826,1772,1.9973,0.0,0.05006849252579038
17.77036053699976,1787,1.9973,299.66914129284476,0.0
17.8204165369998,1792,1.9973,99.8864630531629,0.0
17.870479463000265,1792,1.9973,0.0,0.040112932091189615
17.920537091999904,1802,1.9973,199.79584061781,0.0
17.970592685000156,1806,2.0014000000000003,79.91147566599676,0.00017761019641023522
18.020648795999477,1806,2.0017,0.0,0.04214220046280894
18.070711258999836,1816,2.0017,199.72238588336938,0.0
18.120770258999983,1820,2.0017,79.9151413089996,0.002212391219972202
18.170826370000214,1820,2.0017,0.0,0.04417844774357204
18.220881518999704,1831,2.0017,219.76720938635268,0.0
18.270941888999914,1834,2.0017,59.91842226683278,0.012242515671520383
18.320999314999426,1835,2.0017,19.979613202112745,0.036220077977197125
18.37105522299953,1839,2.0017,79.91218450072564,0.014255831007679399
18.42111883399957,1840,1.9994,19.970111533033297,0.046235649041453004
18.471181963999697,1851,1.9997,219.72973242874582,0.0
18.521244204999675,1853,1.9997,39.949899629805444,0.03227577059688902
18.571302149000076,1861,1.9997,159.84175665909007,0.0
18.621358259999397,1862,1.9997,19.97816466523278,0.0422824724502858
18.671421760000158,1873,1.9997,219.68731026306662,0.0
18.721480223999606,1876,1.9997,59.93793067744854,0.018336041951347984
18.771535852999477,1876,1.9997,0.0,0.0523112142223274
18.821595556999455,1894,1.9997,359.5271570731088,0.0
18.871659556999475,1897,1.9997,59.91565194325396,0.006400672543389534
18.921718464999685,1897,1.9983000000000002,0.0,0.04036693332069112
18.97177472400017,1909,1.9977,239.73549024754595,0.0
19.021830057999978,1912,1.9977,59.93491547674001,0.0064259265575665175
19.07189337299951,1912,1.9977,0.0,0.04039989274826252
19.121951224999975,1924,1.9977,239.75056830446817,0.0
19.17200711500027,1927,1.9977,59.93223103067,0.006458720402480704
19.22206250399995,1927,1.9977,0.0,0.040431612814748705
19.272124318999886,1937,1.9977,199.7234908166652,0.0
19.32218183799978,1940,1.9977,59.938995289402584,0.010489766088380892
19.37223783799982,1940,1.9867000000000001,0.0,0.044465364204141926
19.422297893999712,1949,1.9859,179.7665048819894,0.0
19.472360671999922,1952,1.9859,59.924495136509385,0.016526466147688296
19.522418746999392,1952,1.9859,0.0,0.05049626420229204
19.572474468999644,1966,1.9859,279.6931598226873,0.0
19.622534506999727,1972,1.9859,119.84251734435338,0.0
19.672597413999938,1972,1.9859,0.0,0.04054269648558798
19.722655395999936,1982,1.9859,199.79398842368005,0.0
19.77271071099949,1985,1.9859,59.93460415489434,0.010595995565772807
19.82276563799951,1985,1.9859,0.0,0.044569837227730544
19.87282793400027,1995,1.9848000000000001,199.71943015030558,0.0
19.922886156999994,1997,1.9846000000000001,39.958974919411865,0.024618406752994048
19.97294226899976,1999,1.9846000000000001,39.95595894427114,0.030624017248623226
20.022997287999715,2006,1.9846000000000001,139.8460658396,0.0
20.07305958500001,2008,1.9846000000000001,39.9445649332589,0.03264951177574223
20.123117844000262,2016,1.9846000000000001,159.83170360930694,0.0
20.17317465999986,2017,1.9846000000000001,19.977173681664855,0.042655580547282676
20.223230085999603,2029,1.9846000000000001,239.73797598279333,0.0
20.27329279100013,2030,1.9846000000000001,19.97220149145475,0.036686551675941904
20.32335049499943,2039,1.984,179.81425546993657,0.0
20.373407125000085,2040,1.9842000000000002,19.977794681398283,0.036705109384831014
20.423466514999745,2044,1.9842000000000002,79.89716914752303,0.014747642683628808
20.47352903399951,2047,1.9842000000000002,59.92269852078468,0.026745161082245682
20.523586978999447,2048,1.9842000000000002,19.979620786730873,0.050724430097194115
20.5736425719997,2064,1.9842000000000002,319.6495617935086,0.0
20.623697868999443,2068,1.9842000000000002,79.91188915078874,0.00679537765714123
20.67376081400016,2068,1.9842000000000002,0.0,0.048760133317456725
20.72381857399978,2080,1.9842000000000002,239.75295855091176,0.0
20.77387383399946,2083,1.9842000000000002,59.93500288654387,0.014817336019093614
20.823929649000092,2083,1.9819,0.0,0.04879133717371116
20.873991704999753,2094,1.9818,219.69161448654165,0.0
20.924048557999413,2096,1.9818,39.96060124518228,0.026841875102465856
20.974104335999982,2098,1.9818,39.95619602206592,0.03284801758950581
21.024159411000255,2105,1.9818,139.84673636639138,0.0
21.074220855999556,2106,1.9818,19.97235626169827,0.04485964423084391
21.124279615999512,2117,1.9818,219.7705419757976,0.0
21.174337321000166,2119,1.9818,39.950830115854316,0.030896117480016295
21.2243939330001,2127,1.9818,159.8321730239197,0.0
21.274456840999846,2127,1.9835,0.0,0.05089323222396605
21.324514433999866,2144,1.9841000000000002,339.6502756967109,0.0
21.37457071300014,2148,1.9841000000000002,79.91251018533156,0.0
21.42463073199997,2148,1.9841000000000002,0.0,0.03893695363576181
21.47469326999999,2151,1.9841000000000002,59.92307554960853,0.01897541586095754
21.5247517709995,2153,1.9841000000000002,39.95848712721825,0.03296540251719183
21.574807678999605,2161,1.9841000000000002,159.8230056125634,0.0
21.624863216999984,2161,1.9841000000000002,0.0,0.05296649680682279
21.674923755000236,2177,1.9841000000000002,319.5647910998659,0.0
21.724981921999643,2181,1.9841000000000002,79.91806799645714,0.0010509836986076285
21.775042442000085,2181,1.9898,0.0,0.04301821089719048
21.825100035000105,2192,1.9903000000000002,219.77143331374907,0.0
21.875160591000167,2194,1.9903000000000002,39.94593956223765,0.021068097784696753
21.925217889000123,2194,1.9903000000000002,0.0,0.04704647360959181
21.97527335199993,2206,1.9903000000000002,239.74098863253636,0.0
22.02532816799976,2207,1.9903000000000002,19.97817863436053,0.033083285429157915
22.075387687999864,2215,1.9903000000000002,159.7858262758677,0.0
22.1254465410002,2215,1.9903000000000002,0.0,0.04509597425531535
22.17550267200022,2226,1.9903000000000002,219.75313811440375,0.0
22.22555844999988,2228,1.9919,39.95588470784769,0.023142718089951136
22.27562037699954,2228,1.9913,0.0,0.04912507197309021
22.325677248999455,2239,1.9913,219.7772074499253,0.0
22.375736545999644,2240,1.9913,19.975097046554723,0.03715980270482031
22.425795528999515,2249,1.9913,179.78405776964644,0.0
22.47585710400017,2249,1.9913,0.0,0.04717143574647756
22.525915381999766,2261,1.9913,239.77398424840143,0.0
22.575971679999384,2262,1.9913,19.977927586536747,0.033205073528369045
22.62602690299991,2271,1.9913,179.80181524595315,0.0
22.676086644999486,2271,1.9913,0.0,0.04321606303838842
22.726145312999506,2282,1.9884000000000002,219.77249151939233,0.0
22.776201517000118,2283,1.9884000000000002,19.97813473051994,0.03124974652118922
22.826256833000116,2286,1.9884000000000002,59.93393721851591,0.019274031804139242
22.876318370999797,2288,1.9884000000000002,39.94514173885871,0.03327503582211625
22.926374408999436,2294,1.9884000000000002,119.87905162804869,0.0
22.976429540000026,2294,1.9884000000000002,0.0,0.05726518735485486
23.02648530099941,2312,1.9884000000000002,359.5983071133956,0.0
23.076546671999495,2316,1.9884000000000002,79.89013508525113,0.0013602891008897373
23.12660506300017,2316,1.9884000000000002,0.0,0.04331634313499019
23.17666191599983,2326,1.9928000000000001,199.7698172247088,0.0
23.226717823999934,2328,1.9923000000000002,39.95653448320095,0.023361094170918837
23.276779566000187,2328,1.9923000000000002,0.0,0.049343707964199214
23.326836641999762,2339,1.9923000000000002,219.77370780375412,0.0
23.3768926799994,2340,1.9923000000000002,19.977949537977707,0.03737736241483495
23.426955773999907,2348,1.9923000000000002,159.76703410027153,0.0
23.477017718999377,2349,1.9923000000000002,19.97638312087045,0.039403647259563655
23.527079591000074,2352,1.9923000000000002,59.9232526953352,0.027432574160244236
23.577137332999882,2358,1.9923000000000002,119.88295347705642,0.0014603984998501057
23.627192574999754,2358,1.9923000000000002,0.0,0.05941357989067267
23.677255372999753,2372,1.9974,279.60491825204775,0.0
23.727313428999878,2379,1.9974,139.8562054426945,0.0
23.777368782999474,2379,1.9974,0.0,0.047467467521198445
23.82742958000017,2387,1.9974,159.78907522418095,0.0
23.877492747999895,2393,1.9974,119.8338288262437,0.0
23.927551007999682,2393,1.9974,0.0,0.049505177116155985
23.977607435999744,2399,1.9974,119.86534806240203,0.0
24.027662566999425,2405,1.9974,119.87040331186401,0.0
24.077725512999677,2405,1.9974,0.0,0.055531601978729375
24.12778390299991,2417,1.993,239.74745961686122,0.0
24.177840405000097,2424,1.992,139.83783565680795,0.0
24.22789625799942,2424,1.992,0.0,0.04757307245136246
24.27795849999984,2431,1.992,139.80416512081356,0.0
24.328015205000156,2437,1.992,119.88011748426014,0.0
24.37807105899992,2437,1.992,0.0,0.05160464419085509
24.428132893999646,2450,1.992,259.6518639729461,0.0
24.478195616999983,2456,1.992,119.84428871296832,0.0
24.528253562999453,2456,1.992,0.0,0.043655028922263646
24.57830874999945,2464,1.992,159.8267893135303,0.0
24.628369158999703,2469,1.9861000000000002,99.86606562479116,0.0
24.67843215999983,2469,1.986,0.0,0.0476857434284315
24.728489643000103,2477,1.986,159.83779021644355,0.0
24.778544884999974,2482,1.986,99.89078341389559,0.0017565726998393458
24.828599794000183,2482,1.986,0.0,0.05171288606539758
24.878660759000013,2495,1.986,259.6467817120849,0.0
24.928718870999546,2501,1.986,119.8750135158625,0.0
24.97877513200001,2501,1.986,0.0,0.04376070654260284
25.028830577999543,2509,1.986,159.82472022906052,0.0
25.078893283999605,2513,1.9844000000000002,79.88641111044613,0.007835028964473724
25.128952934000154,2513,1.984,0.0,0.049789593408652175
25.179009434999898,2521,1.984,159.8215273020226,0.0
25.229065122000065,2526,1.984,99.89100492829488,0.0038619382143024804
25.279128104999472,2526,1.984,0.0,0.05381834018562043
25.32918619999964,2540,1.984,279.7098178463496,0.0
25.379242182999405,2546,1.984,119.86805164672137,0.0
25.429306850999637,2546,1.984,0.0,0.043860553236313334
25.479369833999954,2554,1.984,159.79622785078823,0.0
25.52942672500012,2559,1.984,99.8999841316382,0.0
25.579482819000077,2559,1.9851,0.0,0.04789093203807069
25.629539210000075,2567,1.9852,159.82223611952435,0.0
25.679601118999926,2571,1.9852,79.89063611139494,0.011963390370420783
25.729659231999904,2571,1.9852,0.0,0.05391964481497876
25.779714473999775,2586,1.9852,299.6744576452111,0.0
25.8297696059999,2593,1.9852,139.84704369490785,0.0
25.879831495999497,2593,1.9852,0.0,0.039967494680966865
25.92988973899992,2595,1.9852,39.95875217807283,0.029988118591930454
25.979944943999726,2600,1.9852,99.89092909473665,0.006026154915791259
26.03000066899949,2602,1.9798,39.954967555219966,0.036005042776075934
26.080064392999702,2604,1.9789,39.94260008696688,0.042015729754680486
26.130122708999806,2617,1.9789,259.7337106098873,0.0
26.180179748000228,2620,1.9789,59.931631194351205,0.022053583131302904
26.2302356579994,2622,1.9789,39.956623887835775,0.036047923665125506
26.280298881999443,2628,1.9789,119.83027958126034,0.0021154334296296373
26.330356735999885,2629,1.9789,19.97947229104094,0.05005780911661331
26.380411940999693,2646,1.9789,339.62991207943,0.0
26.430475312999988,2651,1.9789,99.85938001824606,0.0
26.480536833999395,2651,1.9789,0.0,0.04410066882326207
26.530594205999478,2662,1.9777,219.7695584334921,0.0
26.580649948999962,2665,1.9778,59.934890331113316,0.012156267814356202
26.630705505999686,2665,1.9778,0.0,0.04613022394680153
26.680768471000192,2677,1.9778,239.66508242397384,0.0
26.730826324999725,2680,1.9778,59.938681530099984,0.012194374939354153
26.78088521599966,2680,1.9778,0.0,0.046169847551394146
26.830944235999596,2690,1.9778,199.78200586716193,0.0
26.88100636800027,2693,1.9778,59.91804290205116,0.01623262551365237
26.93106461000025,2693,1.9778,0.0,0.05019984267447283
26.981120464000014,2708,1.9802000000000002,299.6689078086283,0.0
27.031176466999568,2713,1.9806000000000001,99.88808538947124,0.0
27.081238728000244,2713,1.9806000000000001,0.0,0.04024414335466288
27.131296859999566,2722,1.9806000000000001,179.81218976419527,0.0
27.181354176999776,2726,1.9806000000000001,79.90080155773055,0.0023125235993780796
27.231410790000155,2726,1.9806000000000001,0.0,0.0442728442224703
27.28147394000007,2735,1.9806000000000001,179.7449562857906,0.0
27.331530682999983,2738,1.9806000000000001,59.94030065973229,0.016328198264025096
27.381589333000193,2738,1.9806000000000001,0.0,0.05030431852791801
27.431650335000086,2753,1.9806000000000001,299.6339910870876,0.0
27.48171152299983,2758,1.9814,99.8721596407751,0.0
27.531770413999766,2758,1.9816,0.0,0.040353703455131736
27.58182615700025,2767,1.9816,179.80260910150855,0.0
27.631881139999678,2770,1.9816,59.93471311657347,0.012406085986694146
27.681941883000036,2770,1.9816,0.0,0.04637997123332353
27.732000422000056,2778,1.9816,159.83346950826177,0.0
27.78205594300016,2782,1.9816,79.9128310838231,0.010440208740585809
27.832111259999692,2782,1.9816,0.0,0.05240534117411505
27.882173576999776,2796,1.9816,279.61164180000986,0.0
27.93223174600007,2801,1.9848000000000001,99.89443954814082,0.0
27.98228795199975,2801,1.9853,0.0,0.044454733039299976
28.032343472999855,2812,1.9853,219.76004400442756,0.0
28.082404623000002,2815,1.9853,59.918507235075644,0.012519475021319396
28.132463273999747,2815,1.9853,0.0,0.04648687791534965
28.182519758000126,2825,1.9853,199.76862797567637,0.0
28.232575352999447,2827,1.9853,39.95725851948881,0.026531385858037614
28.28263844799949,2827,1.9853,0.0,0.05251428926583314
28.332695246000185,2843,1.9853,319.67107764435855,0.0
28.38275095300014,2847,1.9853,79.91253572910672,0.0005909136368439207
28.432814546999907,2847,1.9871,0.0,0.04255592792848661
28.48287895700014,2856,1.9875,179.7619735743361,0.0
28.532945273999758,2859,1.9875,59.92311863848362,0.01461817125181119
28.58300240599965,2859,1.9875,0.0,0.048587418707204635
28.633058094000262,2869,1.9875,199.77956722036734,0.0
28.68311841099967,2872,1.9875,59.918841128373074,0.018650041420981363
28.73317522799971,2872,1.9875,0.0,0.052617577872330595
28.783230860000003,2886,1.9875,279.691701434666,0.0
28.83328780699958,2891,1.9875,99.87633312373686,0.0
28.883349791,2891,1.9887000000000001,0.0,0.04466077441649031
28.933407144999364,2899,1.9907000000000001,159.85073777415857,0.0
28.98346298100023,2902,1.9907000000000001,59.934247336618796,0.01870857697076505
29.033518927999467,2902,1.9907000000000001,0.0,0.052682275905412565
29.083577041999888,2918,1.9907000000000001,319.559231952586,0.0
29.133633599999484,2923,1.9907000000000001,99.90401222396189,0.0
29.183689806000075,2923,1.9907000000000001,0.0,0.04073595148775778
29.23374530899946,2933,1.9907000000000001,199.7869551816358,0.0
29.28380288599965,2936,1.9907000000000001,59.923251497871505,0.010795630220658445
29.333859239999583,2936,1.9907000000000001,0.0,0.04476493081980705
29.38391539099939,2944,1.9772,159.81933702653134,0.0
29.433973022999453,2947,1.9774,59.92420427063247,0.018820894981837675
29.484031230000255,2947,1.9774,0.0,0.052790576690090664
29.534087342999555,2962,1.9774,299.6992817416028,0.0
29.584143271999892,2965,1.9774,59.93273988308741,0.012854278574386677
29.63419892299953,2965,1.9774,0.0,0.04682737452762164
29.68425662899972,2976,1.9774,219.71688161484394,0.0
29.734313001999908,2979,1.9774,59.93979047970543,0.01488579112628453
29.784368634000202,2979,1.9774,0.0,0.048861707318166706
29.834424470000158,2989,1.9914,199.7743907863562,0.0
29.88448217699988,2991,1.9914,39.94877528325386,0.02890988059790415
29.934538475999943,2991,1.9914,0.0,0.054889390711205695
29.98459414499939,3006,1.9914,299.67089542809356,0.0
30.03464938900015,3010,1.9914,79.91173748513937,0.004966432425826652
30.084707021000213,3010,1.9914,0.0,0.0469311274198824
30.134763264999492,3021,1.9914,219.77264080866337,0.0
30.18481919399983,3024,1.9914,59.93165274493356,0.014988036966549283
30.234874918999594,3024,1.9914,0.0,0.048960698064522704
30.28493419899951,3033,1.9914,179.76030760591618,0.0
30.334990812999422,3036,1.9949000000000001,59.940167724732326,0.021014583441564927
30.385047816000224,3036,1.9948000000000001,0.0,0.05499065053145786
30.43510505999984,3052,1.9948000000000001,319.6027337987853,0.0
30.485164228999565,3055,1.9948000000000001,59.92772716099467,0.013066513571081987
30.535220177000156,3055,1.9948000000000001,0.0,0.04703760443547986
30.58527664199937,3064,1.9948000000000001,179.79834896085373,0.0
30.63533229299992,3067,1.9948000000000001,59.93289433661779,0.019091322371085587
30.685390980999728,3067,1.9948000000000001,0.0,0.053064480105732705
30.73544735499945,3083,1.9948000000000001,319.67616165622206,0.0
30.785504208999555,3086,1.9873,59.931585697639356,0.011131071091290818
30.835560063999765,3086,1.99,0.0,0.04510370537034656
30.885618770999827,3099,1.99,259.66521364422664,0.0
30.93567488499957,3102,1.99,59.93930186553618,0.009167533073155806
30.985731794999992,3102,1.99,0.0,0.04314325381937028
31.035787519999758,3111,1.99,179.80041075497914,0.0
31.085846578999735,3114,1.99,59.91624667428125,0.01520508940673174
31.135903841000072,3114,1.99,0.0,0.04917158807644424
31.185960011000134,3123,1.99,179.79721750461863,0.0
31.23601612499988,3125,1.9804000000000002,39.95601641697759,0.03121385811749358
31.286074294999707,3128,1.9812,59.924114498415584,0.027234207435076825
31.336130760999367,3134,1.9800000000000002,119.87922647455255,0.0012642399971667835
31.38618665299964,3134,1.9800000000000002,0.0,0.059215930586987806
31.43624411899964,3150,1.9800000000000002,319.60024401479274,0.0
31.486302307000187,3153,1.9800000000000002,59.92985689663931,0.017290977737188875
31.53635858799953,3153,1.9800000000000002,0.0,0.0512629204958446
31.586414868999782,3171,1.9800000000000002,359.59909016621646,0.0
31.636471093999717,3173,1.9800000000000002,39.95449343014724,0.015325764764149331
31.686529171000075,3173,1.9800000000000002,0.0,0.04130756213620823
31.736585804000242,3185,1.9743000000000002,239.75614402430165,0.0
31.786643695999373,3188,1.975,59.92564426080527,0.007369125603375427
31.836700199000006,3188,1.975,0.0,0.041339383307697534
31.886760794999645,3199,1.975,219.7031458987833,0.0
31.936819260999982,3202,1.975,59.93806000835909,0.00940003871363966
31.98687713399977,3202,1.975,0.0,0.0433752627169833
32.036933340999894,3212,1.975,199.763009158404,0.0
32.08699515900025,3213,1.975,19.97396593265157,0.03341197883481711
32.137053254999955,3214,1.975,19.97884320437019,0.04141214360569265
32.18710966599974,3226,1.9827000000000001,239.7251886296267,0.0
32.23716635399978,3229,1.9815,59.934290441561984,0.015464016803697057
32.28722865399959,3229,1.9809,0.0,0.04943773298032185
32.3372913610001,3239,1.9809,199.74786227086693,0.0
32.387350048999906,3243,1.9809,79.91008038224201,0.00950790656211415
32.437410051999905,3243,1.9809,0.0,0.051471938715010955
32.48747175900007,3257,1.9809,279.63883525457936,0.0
32.537528910999754,3262,1.9809,99.89953902548561,0.0
32.58758493299956,3262,1.9809,0.0,0.04351810128700446
32.63764050999998,3272,1.9809,199.77638629732508,0.0
32.68770180899992,3276,1.9675,79.88889053017226,0.0035960173921858176
32.73775996099994,3276,1.9665000000000001,0.0,0.04555157360425472
32.78781557499951,3284,1.9665000000000001,159.8260740696147,0.0
32.837871022999934,3288,1.9665000000000001,79.91170715178818,0.009613112621399165
32.88793341499968,3288,1.9665000000000001,0.0,0.051577795482114434
32.9379914000001,3302,1.9665000000000001,279.713634772521,0.0
32.98804682900027,3307,1.9665000000000001,99.89122245423115,0.0
33.03810198100018,3307,1.9665000000000001,0.0,0.04361730975943922
33.08816457699959,3317,1.9665000000000001,199.7213368057503,0.0
33.138222710000264,3321,1.9662000000000002,79.91578634260377,0.003687282907562304
33.18828408399986,3321,1.9669,0.0,0.04565359744460381
33.238340475999394,3328,1.967,139.86985948729597,0.0
33.28840225699969,3333,1.967,99.86465742480169,0.0017342827834733682
33.33846013099992,3333,1.967,0.0,0.051680145753394045
33.388515486999495,3346,1.967,259.71486943147835,0.0
33.438578952999706,3350,1.967,79.87973147963497,0.005768793070428725
33.48864114200023,3350,1.967,0.0,0.047720685662282714
33.53870540400021,3361,1.967,219.7015179124467,0.0
33.58876426000006,3365,1.967,79.91939489622618,0.005790836422924954
33.6388209480001,3365,1.9644000000000001,0.0,0.04775859438141543
33.688880247999805,3373,1.9638,159.79048591244086,0.0
33.738938306999444,3377,1.9638,79.91756024088548,0.011820765669728601
33.78899362499942,3377,1.9638,0.0,0.0537877897660828
33.83905635100018,3391,1.9638,279.59209191602076,0.0
33.88912002100005,3395,1.9638,79.89592277672982,0.005880619186115805
33.93917835799948,3395,1.9638,0.0,0.04783898829680773
33.98923408399969,3405,1.9638,199.78118765666844,0.0
34.039289124999414,3409,1.9638,79.91259320411255,0.007904572929084613
34.08935040599954,3409,1.9599000000000002,0.0,0.04986961021072964
34.13940861299943,3417,1.9600000000000002,159.83541427856878,0.0
34.18946459899962,3421,1.9598,79.90913532134991,0.013931501122197803
34.239519972999915,3421,1.9598,0.0,0.055895155250737766
34.289579661999596,3435,1.9598,279.62094026320995,0.0
34.33963768400008,3439,1.9598,79.91930388025328,0.007973409284290129
34.38969390999955,3439,1.9598,0.0,0.04994113083639144
34.43975428399972,3449,1.9598,199.7347841634382,0.0
34.489817490999485,3452,1.9598,59.918860276270145,0.020008222281912548
34.53987560599944,3454,1.9598,39.961782149890105,0.033994875317475554
34.58993142500003,3456,1.9544000000000001,39.95546883071123,0.04000185376207598
34.63998728000024,3469,1.9540000000000002,259.71140868663207,0.0
34.69005013599963,3472,1.9540000000000002,59.91589246671501,0.020054954192339765
34.740106657999604,3475,1.9540000000000002,59.940143771747934,0.024051239293151797
34.79016255099941,3476,1.9540000000000002,19.97812594984758,0.048038233826927186
34.84021811000002,3485,1.9540000000000002,179.7940243709469,0.0
34.89027585399981,3488,1.9540000000000002,59.923271846051925,0.028088445846745566
34.94033176599987,3488,1.9540000000000002,0.0,0.06205775458516634
34.99038745500002,3507,1.9540000000000002,379.5820118837009,0.0
35.04044258799968,3513,1.9527,119.8669381097532,0.0
35.09049990699987,3513,1.9526000000000001,0.0,0.04211285958582093
35.140555893000055,3523,1.9526000000000001,199.8026948403768,0.0
35.1906129150002,3526,1.9526000000000001,59.92604287324694,0.012169568665159777
35.24066862299969,3526,1.9526000000000001,0.0,0.04613998581445855
35.29072701599944,3537,1.9526000000000001,219.70744635255124,0.0
35.34078344499994,3541,1.9526000000000001,79.92406574385922,0.004207208307273818
35.39083859799939,3541,1.9526000000000001,0.0,0.0461768346048175
35.44089582400011,3548,1.9526000000000001,139.8228807634328,0.0
35.49095338299958,3552,1.9526000000000001,79.90452368200137,0.012242284687473539
35.541011090999746,3552,1.9581000000000002,0.0,0.05420409416027409
35.59106627999972,3567,1.9585000000000001,299.67599032143164,0.0
35.64112245100023,3571,1.9585000000000001,79.91070138867138,0.004281144433795229
35.69117932500012,3571,1.9585000000000001,0.0,0.04624542498926378
35.741236607000246,3581,1.9585000000000001,199.79434369297692,0.0
35.79129170299984,3585,1.9585000000000001,79.91324298685313,0.006309369126539522
35.841346893000264,3585,1.9585000000000001,0.0,0.048274666321280774
35.89140461900024,3593,1.9585000000000001,159.79391378972585,0.0
35.94146080799965,3596,1.9585000000000001,59.94027670773088,0.022325136588442752
35.99151627499941,3597,1.9605000000000001,19.977837785161714,0.04631232837895425
36.04157161300009,3605,1.9605000000000001,159.82317483738439,0.0
36.091629431999536,3608,1.9606000000000001,59.92227362036638,0.028360009199097303
36.14168562099985,3608,1.9606000000000001,0.0,0.06232891864724385
36.19174108799962,3627,1.9606000000000001,379.5756875165072,0.0
36.24179666599957,3632,1.9606000000000001,99.89014880585484,0.0
36.29185431899987,3632,1.9606000000000001,0.0,0.04438233501500766
36.34191008200014,3641,1.9606000000000001,179.82016544970674,0.0
36.391965437999716,3644,1.9606000000000001,59.93484243577706,0.016432897252148453
36.442023349999545,3644,1.9606000000000001,0.0,0.05040683422645928
36.492081816999416,3656,1.9722000000000002,239.7137434364486,0.0
36.542137653999816,3661,1.9725000000000001,99.90179254245592,0.0
36.59219277000011,3661,1.9725000000000001,0.0,0.04644528062856882
36.6422478479999,3670,1.9725000000000001,179.80166797084186,0.0
36.69230548199994,3673,1.9725000000000001,59.92307195941603,0.01850357785177662
36.742361059999894,3673,1.9725000000000001,0.0,0.05247280663554303
36.792417601000125,3688,1.9725000000000001,299.63076501233803,0.0
36.84247360599966,3691,1.9725000000000001,59.93852465059133,0.01254046780901356
36.89253118399938,3691,1.9725000000000001,0.0,0.0465158776692501
36.94258744699982,3702,1.9817,219.77589452092533,0.0
36.9926429520001,3704,1.9798,39.95605952234193,0.024560258455986597
37.04269860400018,3706,1.9794,39.95586714611518,0.03056474869186578
37.092755646000114,3708,1.9794,39.94955649393938,0.03657231730334216
37.142811371999414,3714,1.9794,119.88015341308659,0.0026120631943746166
37.192867877000026,3716,1.9794,39.95319243781803,0.04058752834070024
37.24292445499941,3724,1.9794,159.818915579654,0.0
37.292983125999854,3728,1.9794,79.89621641354783,0.020638805551088133
37.34303920499951,3728,1.9794,0.0,0.06259729211650727
37.39309674600008,3748,1.9794,399.503401288353,0.0
37.44315517599989,3754,1.9777,119.85545192888182,0.0
37.4932134769997,3754,1.9773,0.0,0.04066140679478378
37.543270481000036,3763,1.9773,179.80213494289183,0.0
37.59332691199961,3764,1.9773,19.97947109333421,0.032691457753827494
37.6433827310002,3767,1.9773,59.93315894482778,0.02071666671874729
37.6934412720002,3771,1.9773,79.89686592998974,0.014741497331683527
37.7434986469998,3772,1.9773,19.977098653570117,0.04671169437689437
37.79355598500024,3780,1.9773,159.83541427856878,0.0
37.84361187800005,3783,1.9773,59.93262613831794,0.028752679341306563
37.89367041999958,3783,1.9751,0.0,0.06272572979663374
37.94372618299985,3803,1.9753,399.6049505427023,0.0
37.9937823729997,3808,1.9756,99.8881532366811,0.0
38.04383813699951,3808,1.9756,0.0,0.04277641941869541
38.09389491899947,3817,1.9756,179.77579800633777,0.0
38.14395171999968,3819,1.9756,39.95567477319286,0.0248210022314652
38.19400802099972,3819,1.9756,0.0,0.050803272140742345
38.24406459999955,3834,1.9756,299.66978188031266,0.0
38.29412221599978,3838,1.9756,79.89905393849129,0.0008867669834654278
38.34417897899948,3838,1.9756,0.0,0.04284638855886194
38.39423516900024,3846,1.981,159.81672856693407,0.0
38.444293525999456,3848,1.9814,39.946320135053575,0.026891555634641753
38.49435160400026,3849,1.9814,19.97757876391226,0.04288129430670705
38.54440831299962,3858,1.9814,179.82329124854562,0.0
38.59446629899958,3861,1.9814,59.92038977040517,0.022929801802214808
38.64452248799989,3861,1.9814,0.0,0.056897957710376874
38.69458003,3875,1.9814,279.64058355101463,0.0
38.74463625699991,3878,1.9814,59.941385716363705,0.018963206497093557
38.794694039000206,3878,1.9814,0.0,0.05293976078363904
38.844750100000056,3895,1.9821000000000002,339.6526440363119,0.0
38.89480915999957,3897,1.9813,39.94478352717285,0.01900210461642142
38.94486546099961,3897,1.9811,0.0,0.044980018027290555
38.99492131700026,3908,1.9811,219.75710686651118,0.0
39.04497676699975,3910,1.9811,39.95622156649973,0.023026196557389578
39.09503414200026,3913,1.9811,59.92278230371107,0.019047294032133934
39.14509157199973,3914,1.9811,19.97959683589807,0.04302660853566932
39.195149428999684,3923,1.9811,179.7632266638623,0.0
39.245205840999915,3925,1.9811,39.96070184662588,0.03306177368032938
39.29526397599966,3927,1.9811,39.94872820425728,0.0390716903168511
39.34532077699987,3931,1.9749,79.91803286745511,0.02509216516482645
39.39537667100012,3935,1.9740000000000002,79.91226592162825,0.02710324535099437
39.445434637999824,3937,1.9740000000000002,39.94967459605382,0.04909331442161877
39.495492846999696,3945,1.9740000000000002,159.8130602719639,0.0
39.54555040699961,3947,1.9740000000000002,39.95848393389089,0.04911263626589846
39.59560618999967,3956,1.9740000000000002,179.80080229013183,0.0
39.6456630470002,3957,1.9740000000000002,19.977246315805974,0.057127326452538645
39.69572047699967,3974,1.9740000000000002,339.56808976262056,0.0
39.745776629999455,3976,1.9740000000000002,39.95996171699669,0.03118143514410063
39.795832580000024,3982,1.9796,119.86360959667674,0.0
39.84588856600021,3982,1.9765000000000001,0.0,0.05517905887123163
39.895945774999745,3996,1.9759,279.64896224866294,0.0
39.94600211299985,3998,1.9759,39.95914896295241,0.027234588164889134
39.996057543999996,4000,1.9759,39.9559996537248,0.03324024792320769
40.04611343800025,4004,1.9759,79.91040445547388,0.019267445556960677
40.09617062799953,4005,1.9759,19.97490353129662,0.05124415557350192
40.14622681799938,4020,1.9759,299.6901743004688,0.0
40.196286544999566,4024,1.9759,79.9035165042963,0.009313341303825532
40.24634193899965,4024,1.9759,0.0,0.05127474790554405
40.296398962999774,4040,1.9741000000000002,319.5912491834488,0.0
40.34645481999996,4041,1.9734,19.98020281579231,0.029325521579303022
40.396509842999876,4043,1.9734,39.95709407245426,0.027339055669392813
40.44656662599937,4046,1.9734,59.92464356212752,0.023359571517310756
40.496625742000106,4047,1.9734,19.974401207045048,0.04734222833863924
40.54668228399987,4056,1.9734,179.8314727308407,0.0
40.59673747499983,4058,1.9734,39.95660632690552,0.03737053838492044
40.64679279499978,4060,1.9734,39.95577774414081,0.043375292043612235
40.696849633000056,4071,1.9734,219.72394323118507,0.0
40.746905822999906,4072,1.9728,19.97964074616513,0.04739538844506749
40.79696143899946,4082,1.9736,199.78014594356296,0.0
40.8470168519998,4085,1.9740000000000002,59.934022231855934,0.025442219033249277
40.89707409799939,4087,1.9740000000000002,39.94900988231082,0.03944132298483624
40.947129620999476,4091,1.9740000000000002,79.92095817206766,0.025460447851726742
40.99718547900011,4092,1.9740000000000002,19.97767454932428,0.057439993845891664
41.04724094699941,4104,1.9740000000000002,239.7349346726459,0.0
41.09729897099987,4108,1.9740000000000002,79.89671751306928,0.021509211441822145
41.14735473499968,4110,1.9740000000000002,39.96067150594746,0.04348756269407613
41.19741081400025,4117,1.9740000000000002,139.8376205547795,0.0
41.2474664679994,4121,1.9765000000000001,79.91303384179449,0.02553155232007992
41.297524491999866,4123,1.977,39.948181616020264,0.04752267504878758
41.347580126999674,4130,1.977,139.86467812739488,0.0035696086314982445
41.397635298999376,4135,1.977,99.89092310697418,0.019570018328969103
41.447692210999776,4135,1.977,0.0,0.06952638757175877
41.49774982799954,4150,1.977,299.65004471010275,0.0
41.54780548100007,4158,1.977,159.84434038290163,0.0
41.597860523000236,4158,1.977,0.0,0.05357694906245834
41.64791593599966,4169,1.977,219.7545868678563,0.0
41.69797377499981,4174,1.9808000000000001,99.86897589939424,0.0016670024259755893
41.74802953899962,4174,1.981,0.0,0.051614592785733285
41.79808604400023,4187,1.981,259.68344588189296,0.0
41.848141734999444,4193,1.981,119.8780217161605,0.0
41.89819898099995,4193,1.981,0.0,0.043658446025927944
41.948254578999695,4200,1.981,139.86162650121193,0.0
41.998309640000116,4203,1.981,59.93448681148803,0.019705039970062736
42.04836496000007,4203,1.981,0.0,0.053678834694657944
42.09842194700013,4215,1.981,239.6981337581735,0.0
42.14847758199994,4220,1.981,99.89920170442865,0.0
42.19853386599971,4220,1.981,0.0,0.049719101148397726
42.24858946399945,4227,1.9813,139.85018968005338,0.0
42.298646505999386,4231,1.9813,79.8999381120809,0.015784113124351937
42.348702326999955,4231,1.9813,0.0,0.0577440883691843
42.39875864700025,4247,1.9813,319.6120485032936,0.0
42.44881592999991,4251,1.9813,79.907238882977,0.005829264077366442
42.49887319499976,4251,1.9813,0.0,0.047792159630557246
42.54893107099997,4259,1.9813,159.82186893715476,0.0
42.5989869469995,4262,1.9813,59.93859051642442,0.021840677478629555
42.64904371099965,4263,1.9753,19.977267866844286,0.045827479751777186
42.69910112399975,4271,1.9753,159.7959788862703,0.0
42.74915798099937,4274,1.9758,59.93920965405351,0.027869184182861113
42.79921339399971,4277,1.9758,59.93442095467366,0.03187765756714568
42.84927002999939,4279,1.9758,39.95477279532037,0.04587403955135497
42.89932684999985,4288,1.9758,179.77200236241643,0.0
42.94938420699964,4291,1.9758,59.9304746560998,0.03391351110519157
42.99944008300008,4293,1.9758,39.95994654721366,0.047905727694024666
43.0494966440001,4304,1.9758,219.75653173617363,0.0
43.09955483500016,4308,1.9758,79.89296420044703,0.02196757103906925
43.14961215599942,4310,1.9786000000000001,39.95997608803673,0.043944768675229694
43.199668346999715,4316,1.9788000000000001,119.86325520408907,0.009997131508399851
43.249724500999946,4319,1.9788000000000001,59.934796934189485,0.03797503512294074
43.29978202500024,4323,1.9788000000000001,79.89538657953268,0.032001260606850185
43.34983828999975,4327,1.9788000000000001,79.92057333594656,0.033999128570689985
43.39989370300009,4334,1.9788000000000001,139.84858593542177,0.00604306493735772
43.44995139399998,4334,1.9788000000000001,0.0,0.07198249931152642
43.50000962200011,4356,1.9788000000000001,439.51907822425227,0.0
43.55006853499981,4366,1.9788000000000001,199.7529495483295,0.0
43.60012498499964,4366,1.9775,0.0,0.03805529653426825
43.65018165699985,4368,1.9779,39.95545286649155,0.028077570101022478
43.70023864399991,4368,1.9779,0.0,0.054059751247619095
43.75029474300027,4381,1.9779,259.74061263647764,0.0
43.80035439599942,4386,1.9779,99.87148736643202,0.0
43.85041019900018,4386,1.9779,0.0,0.04809854124732813
43.90046868599984,4393,1.9779,139.8035871458849,0.0
43.95052470999963,4397,1.9779,79.92823243911737,0.014154066313180957
44.00058028999956,4397,1.9779,0.0,0.056125359288827906
44.050636387999475,4412,1.9779,299.665004492756,0.0
44.100694339000256,4416,1.9813,79.89411632736187,0.006211800675871367
44.15075125200019,4416,1.9811,0.0,0.04816944720681612
44.20080718400004,4424,1.9811,159.82151452779448,0.0
44.250862670999595,4427,1.9811,59.93530702812494,0.0222196422399742
44.30091997399995,4428,1.9811,19.970663095861376,0.04620843350329349
44.35097592399961,4438,1.9811,199.83714471763636,0.0
44.4010316519998,4441,1.9811,59.93237949461238,0.024246794522568213
44.45108825099942,4443,1.9811,39.95153559125664,0.03824397852478484
44.50114568200024,4445,1.9811,39.95333929468037,0.04424792311394732
44.55120228099986,4457,1.9804000000000002,239.75169396530075,0.0
44.60125754599994,4458,1.9805000000000001,19.97842809232327,0.046264875389127755
44.65131255199958,4468,1.9805000000000001,199.78110783249863,0.0
44.70136876200013,4471,1.9805000000000001,59.92473213949538,0.024315769773059506
44.75142423099987,4472,1.9805000000000001,19.980024770453397,0.048295650243630965
44.80147943999964,4482,1.9805000000000001,199.78265644729828,0.0
44.85153435400025,4485,1.9805000000000001,59.93444250835138,0.026342173252906803
44.901590933999614,4487,1.9805000000000001,39.949451958387094,0.040341224277053805
44.95164681000006,4494,1.9805000000000001,139.86006999991292,0.0
45.001701797999885,4497,1.9805000000000001,59.93512981112092,0.03236743315485689
45.05175695199978,4500,1.9893,59.93335530733937,0.03637480742563558
45.10181388399997,4505,1.9909000000000001,99.87211575368612,0.02041209167172826
45.15186985299988,4509,1.9909000000000001,79.92086875007962,0.030400503598162897
45.201926859000196,4511,1.9909000000000001,39.94908169895876,0.05239431024871537
45.25198264299979,4527,1.9909000000000001,319.6816993295495,0.0
45.30204018599943,4531,1.9909000000000001,79.89905234036621,0.016456246825160815
45.352096044000064,4531,1.9909000000000001,0.0,0.0584158677613073
45.402152050999575,4545,1.9909000000000001,279.66705636656394,0.0
45.452208593999785,4548,1.9909000000000001,59.93073924294403,0.020483792503178888
45.50226678499985,4550,1.9816,39.951757454448035,0.03448020947313248
45.552322902000014,4554,1.9814,79.92154741063496,0.020500138749594214
45.602378482999484,4555,1.9814,19.978117967424858,0.052479698730135776
45.652434155000265,4570,1.9814,299.66201121236674,0.0
45.70249069900001,4575,1.9814,99.87573461129448,0.0005668774902218026
45.75254629699975,4575,1.9814,0.0,0.0505171713347396
45.80260152600022,4589,1.9814,279.69820563672096,0.0
45.8526569579999,4592,1.9814,59.93395398136853,0.012580373780383233
45.90271435300019,4592,1.9814,0.0,0.046553955372930646
45.95276991399987,4602,1.9814,199.79877067140822,0.0
46.00282558799972,4604,1.9817,39.9558511815772,0.026596152715001223
46.052881019999404,4607,1.9813,59.93395398136853,0.022611516196947838
46.10293845199976,4608,1.9813,19.97386140623774,0.046598167086376374
46.15299464399959,4616,1.9813,159.84185247124077,0.0
46.203050502000224,4619,1.9813,59.9305836027645,0.028638234600365145
46.253106266999566,4619,1.9813,0.0,0.06261046804147094
46.30316334799954,4640,1.9813,419.4672262883286,0.0
46.35321983599988,4645,1.9813,99.89897815682644,0.0
46.40327558299941,4645,1.9813,0.0,0.04067384759695544
46.45333362600013,4654,1.9816,179.76661260090236,0.0
46.5033923179999,4656,1.981,39.95060427396586,0.022721884199882275
46.55344917599996,4656,1.9808000000000001,0.0,0.04870212590946862
46.603504070999406,4666,1.9808000000000001,199.7830236483303,0.0
46.65355991100023,4668,1.9808000000000001,39.955082496546126,0.028746282296362526
46.7036168249997,4670,1.9808000000000001,39.94952537257212,0.034753552608694914
46.75367390500014,4676,1.9808000000000001,119.87784208081072,0.000794441717318399
46.80373054099982,4677,1.9808000000000001,19.97581927079855,0.048757668914243414
46.8537862510002,4687,1.9808000000000001,199.795664978959,0.0
46.903842719999375,4689,1.9808000000000001,39.94998421752324,0.036793438015905316
46.95389880099992,4694,1.9784000000000002,99.89790434172524,0.012824479532051992
47.00395419599954,4696,1.9791,39.95688572162665,0.04280519840792877
47.05400957300026,4705,1.9791,179.8013985671294,0.0
47.104065949999494,4708,1.9791,59.92475248759272,0.030845436596070128
47.15412178999941,4710,1.9791,39.960138163963876,0.044835268509125274
47.20417748199998,4721,1.9791,219.74994653528714,0.0
47.25423302499985,4722,1.9791,19.97804373047306,0.048855307255945585
47.30429023600027,4733,1.9791,219.72287671924963,0.0
47.35434674199951,4735,1.9791,39.9591329957918,0.03489467057831394
47.40440339699944,4742,1.9771,139.83021535396435,0.0
47.4544605330002,4743,1.9771,19.976721126795496,0.04690694167783648
47.50451783599965,4753,1.9771,199.77060740836822,0.0
47.55457476899937,4754,1.9771,19.9775188984508,0.044931809938492454
47.60462984900005,4764,1.9771,199.80334954917654,0.0
47.65468531900024,4766,1.9771,39.95582164685257,0.03296457171952884
47.704742807,4770,1.9771,79.89718829799801,0.01899830622927086
47.754798887000106,4772,1.9771,39.9605964539584,0.04097688332149087
47.80485452399989,4782,1.9771,199.77925591151597,0.0
47.85491001199989,4785,1.9771,59.933509764041816,0.02701644142990172
47.904967906999445,4785,1.9791,0.0,0.06098984533551845
47.95502404299987,4807,1.9795,439.555495111894,0.0
48.00507969799946,4811,1.9795,79.91229306244999,0.0
48.05513535299997,4811,1.9795,0.0,0.03904306651808404
48.105192304999946,4818,1.9795,139.82545867780496,0.0
48.15524864500003,4819,1.9795,19.979603222418145,0.03507071903909447
48.20530468800007,4822,1.9795,59.92982936198151,0.023097645647070977
48.25535976899937,4825,1.9795,59.937413352852865,0.027100870715437146
48.305417331999706,4829,1.9795,79.8964494075117,0.02112761135282245
48.355473634999726,4829,1.9823000000000002,0.0,0.06308619111582713
48.40553580799951,4851,1.9823000000000002,439.37733201792724,0.0
48.45559198199953,4856,1.9824000000000002,99.90278460039521,0.0
48.50564995100012,4856,1.9824000000000002,0.0,0.039158179453994885
48.55570792100025,4863,1.9824000000000002,139.83787476564586,0.0
48.605764076000014,4863,1.9824000000000002,0.0,0.0451743919774303
48.655819972000245,4874,1.9824000000000002,219.75587759331017,0.0
48.70587727499969,4875,1.9824000000000002,19.974297473286406,0.03321165548145607
48.75593333699999,4878,1.9824000000000002,59.940361737967145,0.021231193601787067
48.8059905099999,4882,1.9824000000000002,79.90150381747232,0.015256586388237764
48.856047776000196,4883,1.9855,19.978080449760512,0.04722814769034644
48.90610622799977,4893,1.9854,199.74068067129784,0.0
48.95616227099981,4895,1.9854,39.96225245518933,0.03526418557552619
49.00621811200017,4898,1.9854,59.93319845679941,0.03128248732920222
49.05627384099989,4907,1.9854,179.79873329992805,0.0
49.106331180999405,4907,1.9854,0.0,0.05727589338192918
49.15638752199993,4923,1.9854,319.6845289133295,0.0
49.20644300999993,4925,1.9854,39.95391395890542,0.02533048351114352
49.256498943000224,4928,1.9854,59.93492984536787,0.021344584172021754
49.306556894000096,4929,1.9883000000000002,19.973846245751425,0.045331632987293195
49.35661330899984,4939,1.9881000000000002,199.803201839932,0.0
49.406674111999564,4941,1.9881000000000002,39.948120973453776,0.03336679081487367
49.45672934100003,4944,1.9881000000000002,59.93934138560788,0.029376368511451242
49.50678638499994,4948,1.9881000000000002,79.90029242626589,0.023401958852561446
49.556842428999516,4951,1.9881000000000002,59.939651559639344,0.035392250043248134
49.60689791799996,4954,1.9881000000000002,59.933709721408086,0.03940125580639983
49.65695547999985,4963,1.9881000000000002,179.79560835151938,0.0
49.7069933949997,4964,1.9881000000000002,19.981754260432584,0.05540430172959483
49.7570485870001,4976,1.9881000000000002,239.7679238335088,0.0
49.80710387199997,4982,1.9852,119.86719673524543,0.0
49.85715925000022,4982,1.9854,0.0,0.05743349137689244
49.90721627499988,4996,1.9854,279.6404662514803,0.0
49.95727185600026,5001,1.9854,99.90278460039521,0.0
